{
   "Nodes":[
      {
         "Name":"CPUClusterMaxFreq",
         "Path":"/sys/devices/system/cpu/cpu2/cpufreq/scaling_max_freq",
         "Values":[
            "2016000",
            "1036800"
         ],
         "DefaultIndex":0,
         "ResetOnInit":true
      },
      {
         "Name":"CPUClusterMinFreq",
         "Path":"/sys/devices/system/cpu/cpu2/cpufreq/scaling_min_freq",
         "Values":[
            "2016000",
            "1036800",
            "652800",
            "0"
         ],
         "ResetOnInit":true
      },
      {
         "Name":"GPUMaxFreq",
         "Path":"/sys/class/kgsl/kgsl-3d0/devfreq/max_freq",
         "Values":[
            "216000000",
            "650000000"
         ],
         "ResetOnInit":true
      },
      {
         "Name":"GPUMinFreq",
         "Path":"/sys/class/kgsl/kgsl-3d0/devfreq/min_freq",
         "Values":[
            "400000000",
            "133300000"
         ],
         "ResetOnInit":true
      },
      {
         "Name":"GPUForceRailOn",
         "Path":"/sys/class/kgsl/kgsl-3d0/force_rail_on",
         "Values":[
            "1",
            "0"
         ],
         "ResetOnInit":true
      },
      {
         "Name":"GPUForceClkOn",
         "Path":"/sys/class/kgsl/kgsl-3d0/force_clk_on",
         "Values":[
            "1",
            "0"
         ],
         "ResetOnInit":true
      },
      {
         "Name":"GPUIdleTimer",
         "Path":"/sys/class/kgsl/kgsl-3d0/idle_timer",
         "Values":[
            "10000",
            "64"
         ],
         "ResetOnInit":true
      },
      {
         "Name":"CPUBWHystTriggerCount",
         "Path":"/sys/devices/soc/soc:qcom,cpubw/devfreq/soc:qcom,cpubw/bw_hwmon/hyst_trigger_count",
         "Values":[
            "0",
            "3"
         ],
         "ResetOnInit":true
      },
      {
         "Name":"CPUBWHistMemory",
         "Path":"/sys/devices/soc/soc:qcom,cpubw/devfreq/soc:qcom,cpubw/bw_hwmon/hist_memory",
         "Values":[
            "0",
            "20"
         ],
         "ResetOnInit":true
      },
      {
         "Name":"CPUBWHystLength",
         "Path":"/sys/devices/soc/soc:qcom,cpubw/devfreq/soc:qcom,cpubw/bw_hwmon/hyst_length",
         "Values":[
            "0",
            "10"
         ],
         "ResetOnInit":true
      },
      {
          "Name":"CPUBWMinFreq",
          "Path":"/sys/devices/soc/soc:qcom,cpubw/devfreq/soc:qcom,cpubw/min_freq",
          "Values":[
            "7104",
            "3221",
            "769"
         ],
         "ResetOnInit":true
      },
      {
         "Name":"PMQoSCpuDmaLatency",
         "Path":"/dev/cpu_dma_latency",
         "Values":[
            "2",
            "100"
         ],
         "HoldFd":true
      }
   ],
   "Actions":[
      {
         "PowerHint":"SUSTAINED_PERFORMANCE",
         "Node":"CPUClusterMaxFreq",
         "Duration":0,
         "Value":"1036800"
      },
      {
         "PowerHint":"SUSTAINED_PERFORMANCE",
         "Node":"CPUClusterMinFreq",
         "Duration":0,
         "Value":"652800"
      },
      {
         "PowerHint":"SUSTAINED_PERFORMANCE",
         "Node":"GPUMaxFreq",
         "Duration":0,
         "Value":"216000000"
      },
      {
         "PowerHint":"SUSTAINED_PERFORMANCE",
         "Node":"GPUMinFreq",
         "Duration":0,
         "Value":"133300000"
      },
      {
         "PowerHint":"INTERACTION",
         "Node":"CPUClusterMinFreq",
         "Duration":0,
         "Value":"652800"
      },
      {
         "PowerHint":"INTERACTION",
         "Node":"CPUBWHystTriggerCount",
         "Duration":0,
         "Value":"0"
      },
      {
         "PowerHint":"INTERACTION",
         "Node":"CPUBWHystLength",
         "Duration":0,
         "Value":"0"
      },
      {
         "PowerHint":"INTERACTION",
         "Node":"CPUBWHistMemory",
         "Duration":0,
         "Value":"0"
      },
      {
         "PowerHint":"LAUNCH",
         "Node":"CPUClusterMaxFreq",
         "Duration":5000,
         "Value":"2016000"
      },
      {
         "PowerHint":"LAUNCH",
         "Node":"CPUClusterMinFreq",
         "Duration":5000,
         "Value":"2016000"
      },
      {
         "PowerHint":"LAUNCH",
         "Node":"PMQoSCpuDmaLatency",
         "Duration":5000,
         "Value":"2"
      },
      {
         "PowerHint":"LAUNCH",
         "Node":"CPUBWHystTriggerCount",
         "Duration":5000,
         "Value":"0"
      },
      {
         "PowerHint":"LAUNCH",
         "Node":"CPUBWHystLength",
         "Duration":5000,
         "Value":"0"
      },
      {
         "PowerHint":"LAUNCH",
         "Node":"CPUBWHistMemory",
         "Duration":5000,
         "Value":"0"
      },
      {
         "PowerHint":"LAUNCH",
         "Node":"CPUBWMinFreq",
         "Duration":5000,
         "Value":"7104"
      },
      {
         "PowerHint":"LAUNCH",
         "Node":"GPUForceClkOn",
         "Duration":5000,
         "Value":"1"
      },
      {
         "PowerHint":"LAUNCH",
         "Node":"GPUForceRailOn",
         "Duration":5000,
         "Value":"1"
      },
      {
         "PowerHint":"LAUNCH",
         "Node":"GPUIdleTimer",
         "Duration":5000,
         "Value":"10000"
      },
      {
         "PowerHint":"CAMERA_LAUNCH",
         "Node":"CPUClusterMaxFreq",
         "Duration":1000,
         "Value":"2016000"
      },
      {
         "PowerHint":"CAMERA_LAUNCH",
         "Node":"CPUClusterMinFreq",
         "Duration":1000,
         "Value":"2016000"
      },
      {
         "PowerHint":"CAMERA_LAUNCH",
         "Node":"PMQoSCpuDmaLatency",
         "Duration":1000,
         "Value":"2"
      },
      {
         "PowerHint":"CAMERA_SHOT",
         "Node":"CPUClusterMaxFreq",
         "Duration":1000,
         "Value":"2016000"
      },
      {
         "PowerHint":"CAMERA_SHOT",
         "Node":"CPUClusterMinFreq",
         "Duration":1000,
         "Value":"2016000"
      },
      {
         "PowerHint":"CAMERA_SHOT",
         "Node":"PMQoSCpuDmaLatency",
         "Duration":1000,
         "Value":"2"
      },
      {
         "PowerHint":"AUDIO_STREAMING",
         "Node":"PMQoSCpuDmaLatency",
         "Duration":2000,
         "Value":"2"
      },
      {
         "PowerHint":"AUDIO_LOW_LATENCY",
         "Node":"PMQoSCpuDmaLatency",
         "Duration":0,
         "Value":"2"
      },
      {
         "PowerHint":"EXPENSIVE_RENDERING",
         "Node":"GPUMinFreq",
         "Duration":0,
         "Value":"400000000"
      },
      {
         "PowerHint":"EXPENSIVE_RENDERING",
         "Node":"GPUMaxFreq",
         "Duration":0,
         "Value":"650000000"
      }
   ]
}
